,0
0,2.9596570426604497e-05
1,0.00011674223929706489
2,0.00025969024086011953
3,0.0004580945795658134
4,0.00071131418693874519
5,0.0010184374817087578
6,0.0013783664076124293
7,0.0017899065722520812
8,0.0022518489801381047
9,0.0027630312133233841
10,0.0033223691018636086
11,0.0039288544072421626
12,0.0045815190867790076
13,0.0052793713762009954
14,0.006021312321761332
15,0.0068060429046476328
16,0.0076319713483186538
17,0.0084971277830357232
18,0.0093990895454607124
19,0.010334915369755743
20,0.011301080829753255
21,0.012293400909531774
22,0.013306919127142249
23,0.014335737366450323
24,0.015372758181716562
25,0.016409313957499005
26,0.017434667453819747
27,0.018435388838056781
28,0.019394648110885343
29,0.020291510020323519
30,0.021100377513701973
31,0.021790787193933563
32,0.022327792901664031
33,0.022673151054504796
34,0.022787419107212787
35,0.02263289698373034
36,0.022177121173289224
37,0.021396439259490557
38,0.020279133397747992
39,0.018827671701379306
40,0.017059915593558732
41,0.015009379522801054
42,0.012724764644733252
43,0.010268868656166046
44,0.0077166779855013592
45,0.0051522239157164957
46,0.0026639053645645411
47,0.00033850912333803403
48,-0.0017451751797597675
49,-0.0035218774601787441
50,-0.004943423901411721
51,-0.0059799090619089583
52,-0.0066186990184989736
53,-0.006861944891903767
54,-0.0067233870937784424
55,-0.0062250878801276754
56,-0.0053944933355367045
57,-0.004262002717949992
58,-0.0028590625236274213
59,-0.0012167169148838612
60,0.00063547374989583163
61,0.0026702125014995463
62,0.0048629765343926974
63,0.0071922729654894909
64,0.0096396566027317724
65,0.012189544809420841
66,0.014828883010545997
67,0.017546722757203224
68,0.020333770444400604
69,0.02318195277621684
70,0.026084030374296588
71,0.029033277430380061
72,0.032023234726284266
73,0.035047535927997274
74,0.038099802371751881
75,0.041173598906503683
76,0.044262441907138794
77,0.047359849453841994
78,0.050459422260092222
79,0.053554942242386799
80,0.056640474423624972
81,0.059710458139926738
82,0.062759775587719183
83,0.065783788720157318
84,0.068778337821505692
85,0.071739695871577414
86,0.074664472945998622
87,0.077549466733685943
88,0.080391460781538207
89,0.083186980892578172
90,0.085932028994850959
91,0.088621818597037952
92,0.091250534244013637
93,0.093811129844903945
94,0.096295170050903267
95,0.09869270739553955
96,0.10099217613571049
97,0.10318027045833966
98,0.10524175917543231
99,0.10715917344887879
100,0.10891229475447342
101,0.1104773754226383
102,0.11182604896000081
103,0.11292393013143803
104,0.11372895698505747
105,0.11418957905100546
106,0.11424294345708721
107,0.11381327593888091
108,0.11281070011309922
109,0.11113078107535312
110,0.1086550976007333
111,0.10525310511854724
112,0.10078541371011844
113,0.095108367924008688
114,0.088079541650131835
115,0.07956359108625484
116,0.069438006034022018
117,0.057598742673289578
118,0.043966395598771968
119,0.02849415510488304
120,0.011178892075331841
121,-0.0079239944362862157
122,-0.028682913195057065
123,-0.05087274174070984
124,-0.074163103318729703
125,-0.098118594257804448
126,-0.1222160541389903
127,-0.14587989287105263
128,-0.16853054690055994
129,-0.18963593946265589
130,-0.20875425638476419
131,-0.22555949819314638
132,-0.23984745141439329
133,-0.25152571376302724
134,-0.26059468132044961
135,-0.26712640831024803
136,-0.27124604197093638
137,-0.27311765801337068
138,-0.27293396359026428
139,-0.27090808729827981
140,-0.26726561881532485
141,-0.26223588835650841
142,-0.25604263431796265
143,-0.24889510702509193
144,-0.24098092743365995
145,-0.23246165829305987
146,-0.22347134704682356
147,-0.21411763726030053
148,-0.20448466071146387
149,-0.19463685489691507
150,-0.18462299724115039
151,-0.1744799694805779
152,-0.16423596848099942
153,-0.1539130320110535
154,-0.14352886005588747
155,-0.13309800058192478
156,-0.12263253402402059
157,-0.1121424207110097
158,-0.1016356625995235
159,-0.091118386791805478
160,-0.080594910106578141
161,-0.070067815256499411
162,-0.059538065609681765
163,-0.04900519387017202
164,-0.03846760023479024
165,-0.027922975074650008
166,-0.017368822427544034
167,-0.006803018950369822
168,0.0037756827670517848
169,0.014367296213646769
170,0.024970451072434823
171,0.035582473138738399
172,0.046199672956711291
173,0.056817784881194974
174,0.067432468924323627
175,0.078039767814078329
176,0.088636404957670639
177,0.099219820580470935
178,0.10978787625349842
179,0.12033820986340837
180,0.13086728390250438
181,0.14136922317003039
182,0.15183456489979125
183,0.16224903218876344
184,0.17259239146730404
185,0.18283738418410192
186,0.19294866029312277
187,0.20288161422061862
188,0.21258104855415194
189,0.22197966539693287
190,0.23099649336251971
191,0.23953547261986702
192,0.24748450976196346
193,0.25471534802865214
194,0.26108455495454796
195,0.26643580814861983
196,0.27060349276526691
197,0.27341747725920501
198,0.27470888623371587
199,0.27431679064541103
200,0.27209596211891274
201,0.26792606733502328
202,0.26172270408091558
203,0.25345027553899452
204,0.24313574284117845
205,0.23088095102385858
206,0.21687005908001605
207,0.20136846004344006
208,0.1847110621435242
209,0.16728068646262187
210,0.14948040493770468
211,0.13170536853748074
212,0.1143192699880609
213,0.097638491443056183
214,0.081924413426133977
215,0.067382394022463585
216,0.054165013844793691
217,0.042377206408517248
218,0.032081512635550063
219,0.023302576120630778
220,0.016030849849196477
221,0.010226073837712705
222,0.0058212482126164993
223,0.0027275706287152508
224,0.00084031454548591674
225,4.5168395193839098e-05
226,0.00022434573190923909
227,0.0012618586642942084
228,0.0030476113858906267
229,0.00548025001585051
230,0.0084688805342967039
231,0.011933816336327095
232,0.015806494238664752
233,0.020028674827888275
234,0.024551061376794411
235,0.02933152461283382
236,0.034333169731741379
237,0.039522489822433476
238,0.044867807009429377
239,0.050338130397206984
240,0.055902489575276271
241,0.061529750796215525
242,0.067188883818085979
243,0.072849603135451566
244,0.078483247845731754
245,0.084063699123988159
246,0.089568089882422042
247,0.094977067647741151
248,0.10027444423607544
249,0.10544619258727754
250,0.11047889502217659
251,0.1153578631040597
252,0.12006520695191743
253,0.12457812844573164
254,0.12886766662038793
255,0.13289805544656955
256,0.13662677192529443
257,0.1400052499279405
258,0.14298010579040218
259,0.1454945754306684
260,0.14748973646198238
261,0.14890503903906543
262,0.14967774766480435
263,0.14974111746305629
264,0.14902145173760034
265,0.1474345303473768
266,0.14488217647510962
267,0.14124989509195307
268,0.13640656227159173
269,0.13020706922557704
270,0.12249859297745394
271,0.11313070218535037
272,0.10196875312513519
273,0.088909047472741087
274,0.073893278236489002
275,0.056919336589780427
276,0.038046028070137836
277,0.017390756026326077
278,-0.0048786635961518346
279,-0.028555040076191252
280,-0.053401908739742057
281,-0.079159561804935469
282,-0.10554570997986687
283,-0.13225183321595105
284,-0.15893840509213386
285,-0.18523338619365728
286,-0.21073814397166735
287,-0.23504304592430514
288,-0.25775175781962811
289,-0.27850986552133566
290,-0.29703132935749932
291,-0.31311655245122405
292,-0.32665841946695306
293,-0.3376362980974657
294,-0.34610107466919926
295,-0.35215576937216114
296,-0.35593607329002286
297,-0.35759389495957439
298,-0.35728546069238321
299,-0.35516418474258521
300,-0.35137759397479534
301,-0.34606705463558268
302,-0.3393688678934112
303,-0.33141544858017047
304,-0.32233572023445939
305,-0.31225441558512684
306,-0.30129047717291851
307,-0.28955505029495771
308,-0.27714960156514046
309,-0.26416455109901638
310,-0.25067860057908387
311,-0.23675877527493938
312,-0.22246111065171026
313,-0.20783188030985722
314,-0.19290923873288177
315,-0.17772511484527276
316,-0.16230715001440893
317,-0.14668045893529538
318,-0.1308690296335169
319,-0.11489666453618994
320,-0.09878746261647707
321,-0.082565912838786074
322,-0.066256695403046947
323,-0.049884284542690775
324,-0.033472443452617413
325,-0.017043716501168357
326,-0.0006190515657932712
327,0.015782297043731401
328,0.032142453012794503
329,0.048444122760180487
330,0.064669349949725743
331,0.080797942492765215
332,0.096805751901511486
333,0.11266299623294673
334,0.12833280009395664
335,0.14377010332739171
336,0.15892107488927679
337,0.17372314744695239
338,0.18810573503043063
339,0.20199159142604153
340,0.21529861849547438
341,0.22794178336596854
342,0.23983471723179778
343,0.25089060720470624
344,0.26102217849488962
345,0.2701408622450821
346,0.27815557409735009
347,0.28497180064458344
348,0.29049184167278758
349,0.29461705231567581
350,0.29725274193743711
351,0.29831596898232726
352,0.29774578546572883
353,0.2955145884918709
354,0.29163837262626702
355,0.28618326723950421
356,0.27926619678868247
357,0.27104890535464565
358,0.26172649850284369
359,0.25151325676023378
360,0.24062904575279767
361,0.22928901406862348
362,0.21769785054536284
363,0.20604833045743673
364,0.19452271950796129
365,0.18329502931616884
366,0.17253213953696558
367,0.16239237184387156
368,0.15302110769415261
369,0.14454421947155
370,0.1370610156884263
371,0.13063869578227502
372,0.12530985067218256
373,0.12107357964361502
374,0.11789978489075743
375,0.11573554970441798
376,0.11451234165342031
377,0.11415298726666522
378,0.11457771034298808
379,0.11570883375608047
380,0.11747395767111515
381,0.11980758179352641
382,0.12265129074915304
383,0.12595278489898543
384,0.12966417753878356
385,0.133740038338791
386,0.13813561407256586
387,0.14280552530217361
388,0.14770308302338167
389,0.15278024830244186
390,0.1579881861458256
391,0.16327831676772897
392,0.16860370748033193
393,0.17392056586109789
394,0.17918951707923206
395,0.18437632578854182
396,0.18945179655849628
397,0.19439075680981158
398,0.19917024419141932
399,0.20376721120201161
400,0.20815616244926535
401,0.21230713745445506
402,0.21618437068999521
403,0.21974584171243916
404,0.22294379761488856
405,0.22572618877950576
406,0.22803879891305162
407,0.22982768009892315
408,0.23104136525862981
409,0.23163229225316792
410,0.23155699554468245
411,0.23077490906727818
412,0.2292460075793584
413,0.22692787104211021
414,0.22377297510446453
415,0.21972704321726688
416,0.21472916531632438
417,0.20871414349348405
418,0.20161719185642044
419,0.19338069021242069
420,0.18396217932978851
421,0.17334227901405685
422,0.1615308990426558
423,0.14857022013683688
424,0.13453356365395758
425,0.11952032852109976
426,0.10364830153312582
427,0.087045409863010348
428,0.069843085652642509
429,0.052172828606568383
430,0.034166511044400785
431,0.015959809234698509
432,-0.0023028265566750047
433,-0.020463813305384597
434,-0.038350848547043813
435,-0.055779645534288755
436,-0.072561367786136449
437,-0.08851368421386549
438,-0.10347311618831527
439,-0.11730582723182448
440,-0.12991446964698727
441,-0.14123994331329742
442,-0.15125837303324097
443,-0.15997469015574875
444,-0.16741463059245734
445,-0.17361681665922846
446,-0.17862614495582155
447,-0.18248919449698636
448,-0.18525189940909986
449,-0.18695930357770524
450,-0.18765684086846479
451,-0.1873923338959135
452,-0.18621786740986476
453,-0.18419089326643312
454,-0.18137427528005323
455,-0.17783532996093768
456,-0.17364413783171592
457,-0.16887145912068177
458,-0.16358654470058309
459,-0.15785507412581745
460,-0.15173743012500238
461,-0.14528752657445487
462,-0.13855239682135792
463,-0.13157267378296869
464,-0.12438394411406059
465,-0.11701877733129432
466,-0.10950908472044482
467,-0.10188840445065711
468,-0.09419374628158006
469,-0.086466728116026986
470,-0.078753853414840772
471,-0.071105890232648059
472,-0.063576426228097671
473,-0.056219807685708195
474,-0.049088823673118488
475,-0.042232629878020095
476,-0.035695451318215429
477,-0.029516497216557129
478,-0.023731256932578715
479,-0.018373990728218038
480,-0.013480900615966681
481,-0.0090932691528439261
482,-0.0052598263800479415
483,-0.0020377164090991523
484,0.00050836936744776292
485,0.0023090733174459003
486,0.0032951279393245679
487,0.0034034520470140875
488,0.0025836306189600672
489,0.00080351801833833717
490,-0.0019473016320092286
491,-0.0056570556073503846
492,-0.010294415841198805
493,-0.015813421853517817
494,-0.022159192660248645
495,-0.029272673343117755
496,-0.03709292574510769
497,-0.045556150265441797
498,-0.054591521395560103
499,-0.064114834328351675
500,-0.074021718938841463
501,-0.084182604656850901
502,-0.094441526613486898
503,-0.10462011631344684
504,-0.11452677925732735
505,-0.12396948969238283
506,-0.13276942859307439
507,-0.14077240519712184
508,-0.1478557844240444
509,-0.15393011369963408
510,-0.15893613421536362
511,-0.16283883083021408
512,-0.16562046064396019
513,-0.16727426394007458
514,-0.16780005194998474
515,-0.16720224833182037
516,-0.16549031049138629
517,-0.16268085279741745
518,-0.15880037791439852
519,-0.15388744407997393
520,-0.1479933956121553
521,-0.141181331929431
522,-0.13352355003660368
523,-0.1250980590981334
524,-0.11598485716842402
525,-0.10626253907920633
526,-0.096005595705132632
527,-0.085282576268045751
528,-0.07415516257910619
529,-0.062678132181219329
530,-0.05090012439866877
531,-0.038865041246288326
532,-0.026613823738350612
533,-0.014186284592058044
534,-0.0016226907756391633
535,0.011035122051945399
536,0.02374319645018988
537,0.036455450409969621
538,0.049124161349199939
539,0.0617008576510059
540,0.074137514076468791
541,0.086387878957458475
542,0.098408659018121306
543,0.11016021242147633
544,0.12160642838467049
545,0.13271363912639408
546,0.14344867640211581
547,0.15377644690846731
548,0.16365755501581791
549,0.17304650810953245
550,0.18189093505459009
551,0.19013209575433287
552,0.19770679182888051
553,0.20455058808076623
554,0.21060199293335752
555,0.21580694375464862
556,0.22012270108732182
557,0.2235202232882974
558,0.22598437648441361
559,0.22751190720330974
560,0.22810778743981319
561,0.22778108413455311
562,0.22654171452881808
563,0.22439927344691613
564,0.22136463378676369
565,0.21745435663831572
566,0.21269722505635547
567,0.20714154841296975
568,0.20086141138500158
569,0.19395994355912022
570,0.18656812801807843
571,0.17883867627779107
572,0.17093584698260372
573,0.16302331549884852
574,0.15525280867783661
575,0.14775593726300887
576,0.14064061916616577
577,0.13399213630873646
578,0.12787770354823971
579,0.12235275775556556
580,0.11746704919727415
581,0.11326892711056176
582,0.10980681750250447
583,0.10712767331461455
584,0.10527299641104913
585,0.10427369116987195
586,0.10414529875351324
587,0.10488496781154369
588,0.10647092334016141
589,0.10886445087435395
590,0.11201379964700689
591,0.11585909388533361
592,0.12033732849940006
593,0.12538670497740001
594,0.13094981114713369
595,0.13697539149388196
596,0.14341867740151865
597,0.15024045540301509
598,0.15740523611465013
599,0.1648790100622417
600,0.17262709816462507
601,0.1806125131237476
602,0.18879507757457734
603,0.1971313589398313
604,0.2055753366831356
605,0.21407963719470588
606,0.22259713823692165
607,0.2310827242353089
608,0.23949494304010249
609,0.24779728221252639
610,0.25595878397055583
611,0.26395379160150362
612,0.27176077805897597
613,0.27936041683529944
614,0.2867332494727316
615,0.29385741737970278
616,0.30070692791020442
617,0.30725083140122456
618,0.31345353617911037
619,0.31927631269139389
620,0.32467984314370246
621,0.3296274596365999
622,0.33408850641351662
623,0.33804112631451211
624,0.34147379539777367
625,0.344385168456324
626,0.34678222030707034
627,0.34867714447376558
628,0.35008383224730738
629,0.35101487963978839
630,0.3514799403525049
631,0.35148592867437634
632,0.35103916799591045
633,0.35014914458638119
634,0.34883311226138819
635,0.34712047454281242
636,0.34505575957163376
637,0.34269920954078487
638,0.34012455293147137
639,0.33741428353358971
640,0.33465347499638554
641,0.33192354543953351
642,0.32929732065677386
643,0.32683629022522148
644,0.32459030935065508
645,0.32259938845714958
646,0.32089677717704079
647,0.31951234523683136
648,0.31847529077322356
649,0.31781544646886073
650,0.31756286467244921
651,0.31774586020587636
652,0.31838813765324697
653,0.31950587774805994
654,0.32110561464985432
655,0.32318343205011651
656,0.32572558088510828
657,0.3287102454958285
658,0.33210996995150488
659,0.33589421740761172
660,0.34003162017042676
661,0.34449162121177934
662,0.3492453680012555
663,0.35426588027549277
664,0.3595276613400723
665,0.36500603026068762
666,0.37067648444015655
667,0.37651434035559339
668,0.38249476473633953
669,0.3885931535417006
670,0.39478570193137835
671,0.40104997002894166
672,0.40736528423418261
673,0.41371289235596309
674,0.42007587628424087
675,0.42643889161581416
676,0.43278783881777033
677,0.43910957639229142
678,0.44539176841379591
679,0.45162292082384292
680,0.45779260670243799
681,0.46389181895938464
682,0.46991333645613986
683,0.47585196798847051
684,0.48170456282933549
685,0.48746974381504959
686,0.49314740611396674
687,0.49873809834033861
688,0.50424243566624882
689,0.50966068005469023
690,0.51499257474655269
691,0.52023746220256972
692,0.52539466389954381
693,0.53046405942450481
694,0.53544676609550867
695,0.54034578998940885
696,0.54516650815314693
697,0.5499168653609956
698,0.55460722761753856
699,0.55924990849002654
700,0.56385844475517
701,0.56844672815391151
702,0.5730281059290101
703,0.57761456352561114
704,0.58221611016909358
705,0.58684049096337254
706,0.59149331963807783
707,0.59617864446681357
708,0.60089983872978836
709,0.6056605905781911
710,0.61046570481504758
711,0.61532144634195929
712,0.62023524391168572
713,0.62521470587602146
714,0.63026604938070074
715,0.63539219103175859
716,0.64059087007782289
717,0.64585324254420495
718,0.65116335499881872
719,0.65649875125107815
720,0.66183219954001671
721,0.66713422413204093
722,0.67237589047294444
723,0.67753121611178446
724,0.68257868471232785
725,0.6875015791584248
726,0.69228713598017233
727,0.69692478078070597
728,0.70140389094040756
729,0.70571163151173177
730,0.70983141134951255
731,0.71374239448412136
732,0.71742027496392902
733,0.72083921847935262
734,0.72397457200448134
735,0.72680574050317936
736,0.72931859236014773
737,0.73150688267797159
738,0.73337241851738522
739,0.73492395614184058
740,0.73617505932442684
741,0.73714133161672191
742,0.73783755261194017
743,0.73827528538357767
744,0.73846145969483934
745,0.73839826042263113
746,0.73808437827359274
747,0.73751736561578107
748,0.73669656863534494
749,0.73562595956873489
750,0.73431621183164941
751,0.7327855328047489
752,0.73105903709199593
753,0.72916673875765681
754,0.72714051039874217
755,0.72501056603124658
756,0.72280214814573107
757,0.72053310744969468
758,0.71821292657973945
759,0.7158434483518189
760,0.71342116758791885
761,0.71094053480398955
762,0.70839742909472159
763,0.70579188279222171
764,0.7031292977876421
765,0.70041971892865662
766,0.69767512590572622
767,0.69490509059438732
768,0.69211147476442292
769,0.68928307880884976
770,0.68639124383844463
771,0.6833872874414243
772,0.68020227445927961
773,0.67674903533130093
774,0.67292570927027129
775,0.66861963385247636
776,0.66371030420364907
777,0.65807042412112871
778,0.65156467024889808
779,0.64404652681508978
780,0.63535426960372698
781,0.62530775270161054
782,0.61370793650222832
783,0.60034092254477889
784,0.58498750556613299
785,0.56743796340374675
786,0.54751029222824021
787,0.52506887783197076
788,0.50004018524141414
789,0.47242268742170285
790,0.44228975499045076
791,0.40978604273341407
792,0.37511935334567637
793,0.3385505173868974
794,0.30038337481747018
795,0.26095578576614786
796,0.22063131322199447
797,0.17979037353252855
798,0.13881956290899508
799,0.098098536575762715
800,0.057984967054024748
801,0.018799292497598624
802,-0.019188313011940676
803,-0.055766425140542676
804,-0.090784956203014577
805,-0.12415192708965893
806,-0.15582581152417971
807,-0.18580553000835623
808,-0.21412013065311919
809,-0.24081963689027058
810,-0.26596780300005712
811,-0.28963686278642553
812,-0.31190391132870549
813,-0.33284834527068574
814,-0.35254977577759861
815,-0.37108597496183648
816,-0.38853066140222003
817,-0.40495119751788039
818,-0.42040648221141225
819,-0.43494541795897895
820,-0.44860629152239007
821,-0.46141724963039576
822,-0.47339782156258287
823,-0.48456120071771225
824,-0.49491681049077674
825,-0.5044725988277674
826,-0.51323655831939075
827,-0.52121714655423479
828,-0.52842254064917693
829,-0.53485893364600556
830,-0.54052830112282735
831,-0.54542618522579822
832,-0.54954003992620792
833,-0.5528485612469114
834,-0.55532221391220882
835,-0.55692489903625786
836,-0.55761643445693831
837,-0.5573552963895172
838,-0.55610095518327107
839,-0.55381517361756105
840,-0.55046183808669791
841,-0.54600523137869839
842,-0.54040705477287077
843,-0.53362286504042067
844,-0.5255988172821382
845,-0.51626964977526479
846,-0.50555871637036198
847,-0.4933806000989801
848,-0.47964646253324678
849,-0.46427181972279646
850,-0.44718592205608348
851,-0.42834143925054724
852,-0.40772286618175846
853,-0.38535214150217251
854,-0.36129049579256745
855,-0.33563643115894476
856,-0.30852071475653364
857,-0.28010000821425518
858,-0.25055099159293776
859,-0.22006648430424477
860,-0.18885421253159063
861,-0.15713776795512485
862,-0.12515828241364846
863,-0.093174756521996652
864,-0.061461079852615785
865,-0.030298611968745424
866,3.5458638383309917e-05
867,0.029282332335362229
868,0.05721575274001537
869,0.083653287525427542
870,0.10846266111104896
871,0.13156241124913456
872,0.15291755810947216
873,0.17253195041598163
874,0.19043925307796858
875,0.20669425770583688
876,0.22136561145887609
877,0.23453044121849145
878,0.24627084966673057
879,0.2566719190407778
880,0.26582067724193131
881,0.27380546070070194
882,0.28071523935826392
883,0.28663869937750791
884,0.29166311398122141
885,0.29587317851941158
886,0.29935000252726301
887,0.30217036905805539
888,0.30440626021439232
889,0.30612457134413734
890,0.30738692223004332
891,0.30824951201352996
892,0.30876302621981105
893,0.30897265897465753
894,0.30891834044471816
895,0.30863524884860938
896,0.30815463831031964
897,0.30750493834873227
898,0.30671299671483959
899,0.30580526821903115
900,0.30480872020712657
901,0.30375124551052118
902,0.30266145125734323
903,0.30156782051349873
904,0.30049740252474211
905,0.29947433900880449
906,0.29851862885667296
907,0.29764552519891874
908,0.29686582719187221
909,0.29618709924521242
910,0.29561558999703924
911,0.29515841313069258
912,0.29482544963721419
913,0.2946304504727098
914,0.29459094017694287
915,0.29472671860316996
916,0.29505701002052198
917,0.2955965954589887
918,0.29635153869561387
919,0.29731529585854322
920,0.29846598892332127
921,0.29976537417209204
922,0.30115959162156097
923,0.30258127803310808
924,0.30395223603846927
925,0.30518570251407845
926,0.30618739398079953
927,0.30685489952480743
928,0.3070755775342166
929,0.30672378929543931
930,0.30565890780163169
931,0.30372585054114731
932,0.30075967851265778
933,0.29659497634368737
934,0.29107940472074506
935,0.28408937669818662
936,0.27554478770163393
937,0.26541959521424485
938,0.25374595677439099
939,0.24061130304867925
940,0.22614950353074997
941,0.21052850495543465
942,0.19393713776156557
943,0.17657329190061971
944,0.15863473979532347
945,0.14031291770139756
946,0.12178920578455762
947,0.10323278593180707
948,0.084799066242337268
949,0.066627943115539406
950,0.048841699706929739
951,0.031542863767907103
952,0.014812623983995573
953,-0.0012896566126621655
954,-0.016725587828998623
955,-0.031475661683786953
956,-0.045536272052406547
957,-0.058916295238234551
958,-0.071633666490092091
959,-0.083712299510166191
960,-0.095179570944288971
961,-0.10606445259351582
962,-0.11639624161173678
963,-0.12620373772239771
964,-0.13551466893097081
965,-0.14435518328154218
966,-0.1527492955078055
967,-0.1607182796685194
968,-0.168280099220428
969,-0.17544903123062169
970,-0.18223564620827484
971,-0.18864724071056602
972,-0.19468870094115986
973,-0.20036363846112715
974,-0.20567553123210375
975,-0.2106285652029109
976,-0.21522792114554265
977,-0.21947937591640332
978,-0.22338825036846965
979,-0.22695789342359368
980,-0.2301880066959742
981,-0.23307316429307329
982,-0.23560185771265119
983,-0.23775629402883947
984,-0.23951300522086416
985,-0.24084411388982438
986,-0.24171889446448258
987,-0.24210513308723533
988,-0.24196978106162537
989,-0.24127853927365742
990,-0.23999427557956232
991,-0.23807448983481064
992,-0.23546831481111741
993,-0.23211371244562962
994,-0.22793557107974893
995,-0.22284533628992828
996,-0.21674262553162665
997,-0.20951898962475776
998,-0.20106360676351143
999,-0.19127027975304386
1000,-0.18004475865899947
1001,-0.16731126322578516
1002,-0.15301723933934802
1003,-0.13713586491515625
1004,-0.11966650913872966
1005,-0.10063403055441368
1006,-0.080088233860308791
1007,-0.05810480982558025
1008,-0.034788591141329719
1009,-0.010279044439680977
1010,0.015243200449738958
1011,0.041550982432608831
1012,0.068369101907858706
1013,0.095379052638088657
1014,0.1222311127437246
1015,0.14856296603738531
1016,0.17402201665628189
1017,0.19828729450015187
1018,0.2210868958497407
1019,0.24220825419348227
1020,0.26150059136733922
1021,0.27887081993084867
1022,0.29427532789671551
1023,0.30771029907339847
1024,0.31920270789211974
1025,0.32880323259754851
1026,0.33658138410051236
1027,0.34262238762610336
1028,0.34702492949459202
1029,0.34989884860065912
1030,0.35136215657610981
1031,0.35153725215402593
1032,0.35054664904889055
1033,0.34850880196152845
1034,0.34553463539287171
1035,0.34172520016633579
1036,0.33717060266929805
1037,0.33195007347116889
1038,0.32613283855982905
1039,0.31977936578335886
1040,0.31294258633324196
1041,0.30566881356568837
1042,0.2979982556282772
1043,0.28996519165525553
1044,0.28159800687731545
1045,0.27291933078395614
1046,0.26394648740204563
1047,0.25469236015501662
1048,0.24516662343478585
1049,0.23537713960495529
1050,0.22533121210355023
1051,0.21503636610648177
1052,0.20450041788318296
1053,0.19373077509937753
1054,0.18273312907761022
1055,0.171509884917108
1056,0.16005876578875744
1057,0.14837199788844813
1058,0.13643634785718217
1059,0.12423408802550652
1060,0.11174475572441696
1061,0.098947392642285831
1062,0.085822832259509041
1063,0.072355576473379368
1064,0.058534886015685184
1065,0.044354900017225939
1066,0.029813860884808641
1067,0.014912782231664838
1068,-0.00034592106073299335
1069,-0.015959280633463396
1070,-0.031923651672206871
1071,-0.048233394674359706
1072,-0.064878407423457435
1073,-0.081840806753788464
1074,-0.099091258021013678
1075,-0.11658556866649841
1076,-0.13426218026565348
1077,-0.15204109237521055
1078,-0.16982452750582014
1079,-0.1874993274028913
1080,-0.2049407224324824
1081,-0.2220168292776227
1082,-0.23859309399666889
1083,-0.25453595926024059
1084,-0.26971529480751266
1085,-0.28400553106819088
1086,-0.29728587055382499
1087,-0.30944028643723764
1088,-0.32035813566594712
1089,-0.32993606342165754
1090,-0.33808149377396379
1091,-0.34471749487562314
1092,-0.34978830998400468
1093,-0.35326448435875624
1094,-0.35514639724820313
1095,-0.3554651982325811
1096,-0.35428065090077943
1097,-0.3516760957903497
1098,-0.34775143880406156
1099,-0.34261550268955387
1100,-0.33637910175016722
1101,-0.32914984933217317
1102,-0.3210291621960058
1103,-0.31211138780676367
1104,-0.30248457712435034
1105,-0.29223219341316209
1106,-0.28143497893009234
1107,-0.27017228564723356
1108,-0.25852240093146012
1109,-0.24656172278981192
1110,-0.23436297838051703
1111,-0.22199293347569557
1112,-0.2095101392877059
1113,-0.19696319951012961
1114,-0.18438986641158656
1115,-0.17181706811233483
1116,-0.15926179640503646
1117,-0.14673267847584071
1118,-0.1342320124408263
1119,-0.12175803764579506
1120,-0.10930720648291645
1121,-0.096876214525367099
1122,-0.084463546167370104
1123,-0.072070333885947954
1124,-0.059700428485298218
1125,-0.047359719509934235
1126,-0.035054884631139566
1127,-0.022791840307547554
1128,-0.010574199965962046
1129,0.0015979616627848135
1130,0.013728767585678375
1131,0.025826403748836015
1132,0.037902080256803951
1133,0.049968159295958325
1134,0.062035749029989574
1135,0.074112260437846564
1136,0.086199496662960701
1137,0.098292741153858318
1138,0.11038106083313204
1139,0.12244873565163876
1140,0.1344774635700349
1141,0.14644882412565549
1142,0.15834642100819685
1143,0.17015715668796919
1144,0.18187122492097912
1145,0.19348064898880746
1146,0.20497652397820967
1147,0.21634546609860827
1148,0.22756601990452371
1149,0.23860582905298966
1150,0.24942020842108087
1151,0.25995241803755653
1152,0.27013553877524471
1153,0.27989549733142693
1154,0.28915456475995088
1155,0.29783460010392188
1156,0.30585943282484557
1157,0.31315604191286434
1158,0.31965452694249785
1159,0.32528718807642998
1160,0.32998725980424315
1161,0.33368793371669425
1162,0.33632225124597531
1163,0.33782426092946055
1164,0.33813154407667101
1165,0.33718887407167619
1166,0.3349524819422886
1167,0.33139425676018164
1168,0.32650526219868642
1169,0.3202981520392203
1170,0.3128083014490034
1171,0.30409363693835073
1172,0.29423322669039897
1173,0.28332473775099937
1174,0.27148093740652779
1175,0.25882552157697014
1176,0.24548864766694334
1177,0.2316025785608038
1178,0.21729779182194844
1179,0.2026998031533512
1180,0.1879268394393955
1181,0.17308839604473053
1182,0.15828461967217444
1183,0.14360636172933502
1184,0.12913565630207188
1185,0.11494631961093284
1186,0.1011043739965794
1187,0.08766808050379038
1188,0.074687504216014666
1189,0.062203697853464239
1190,0.050247727179679395
1191,0.038839841259820158
1192,0.027989095201738191
1193,0.017693665938856372
1194,0.0079419810104048045
1195,-0.001285367998908939
1196,-0.010013105420049307
1197,-0.018268451549367761
1198,-0.026078397058877743
1199,-0.033467491867943747
1200,-0.040456512737703745
1201,-0.047062227446229871
1202,-0.05329825271340799
1203,-0.059176756465123354
1204,-0.064710552853378456
1205,-0.06991504568195428
1206,-0.074809522157724059
1207,-0.079417465573045395
1208,-0.083765789166907939
1209,-0.087883133944871267
1210,-0.091797575000421336
1211,-0.095534214636543088
1212,-0.099113184320937936
1213,-0.10254851280209612
1214,-0.10584814010449133
1215,-0.1090150929400603
1216,-0.112049549805712
1217,-0.11495129790225289
1218,-0.11772198907748074
1219,-0.12036666201497812
1220,-0.12289418334071919
1221,-0.12531651021096338
1222,-0.12764692983597226
1223,-0.1298976421574678
1224,-0.13207718915707367
1225,-0.13418827298605246
1226,-0.13622642934448917
1227,-0.13817983808967038
1228,-0.1400302964331385
1229,-0.14175511213550135
1230,-0.14332945977895206
1231,-0.14472863142018802
1232,-0.14592962904605342
1233,-0.14691169419868672
1234,-0.14765563025329373
1235,-0.14814209206493589
1236,-0.14834931050042502
1237,-0.14825089701422789
1238,-0.14781438786030707
1239,-0.14700105087352217
1240,-0.14576723741624376
1241,-0.14406725854123126
1242,-0.14185742095353565
1243,-0.13910051922177713
1244,-0.13576985219132318
1245,-0.13185185508701214
1246,-0.12734678346089859
1247,-0.12226745008521138
1248,-0.11663655920113884
1249,-0.11048347908173664
1250,-0.10384128068159214
1251,-0.096744644332281096
1252,-0.089228931132279199
1253,-0.081330400323390631
1254,-0.0730872498285495
1255,-0.064540913397416105
1256,-0.055736962295958405
1257,-0.04672510575337864
1258,-0.037558122853344922
1259,-0.028289936067279781
1260,-0.018973286971493714
1261,-0.0096575244740700686
1262,-0.00038690134148374399
1263,0.0088004206047791016
1264,0.017872660381108137
1265,0.026804167369878257
1266,0.035574870377133694
1267,0.044169635609088147
1268,0.052577632227448531
1269,0.060791682696973617
1270,0.06880751487290207
1271,0.076622859193720416
1272,0.084236414254053482
1273,0.091646780419769203
1274,0.098851500642956808
1275,0.10584635493625859
1276,0.11262504546613926
1277,0.11917937674070449
1278,0.12549995489474036
1279,0.13157729355329831
1280,0.13740305913941442
1281,0.1429710888191833
1282,0.14827783232449418
1283,0.15332201355570232
1284,0.15810352596985855
1285,0.16262178429638291
1286,0.16687388823875959
1287,0.17085298974142163
1288,0.1745472081554354
1289,0.17793932995030595
1290,0.18100737668659073
1291,0.1837259417369338
1292,0.18606801347592941
1293,0.18800686882106002
1294,0.18951758363755011
1295,0.19057778707767836
1296,0.19116746803852377
1297,0.19126787472208023
1298,0.19085977267401932
1299,0.18992149069892206
1300,0.18842725356649975
1301,0.18634626139032057
1302,0.18364283591078392
1303,0.18027774543727371
1304,0.17621059258545604
1305,0.1714029523938739
1306,0.16582181521557121
1307,0.15944282948384056
1308,0.1522528563266782
1309,0.1442514499829263
1310,0.135451076215684
1311,0.12587616154852099
1312,0.11556136398323523
1313,0.1045496643372883
1314,0.092890904031871502
1315,0.080641223873886975
1316,0.067863560429902076
1317,0.0546290377576477
1318,0.041018827095189107
1319,0.027125863073520079
1320,0.013055720159438886
1321,-0.0010739894681477923
1322,-0.015136087765650178
1323,-0.028998137942246902
1324,-0.042528063006994549
1325,-0.05560017826664522
1326,-0.068100627590744617
1327,-0.079931389315967438
1328,-0.0910123920157829
1329,-0.10128171254300475
1330,-0.11069419848938081
1331,-0.11921909204280781
1332,-0.12683730377087646
1333,-0.13353890321211825
1334,-0.13932120467377229
1335,-0.14418760057392377
1336,-0.14814709515478425
1337,-0.15121435289616245
1338,-0.15341000194249937
1339,-0.15476091514373178
1340,-0.15530022646053854
1341,-0.15506692503475084
1342,-0.15410498312532972
1343,-0.15246207876605825
1344,-0.15018803533710273
1345,-0.14733311576698083
1346,-0.14394630892591043
1347,-0.140073762727735
1348,-0.13575755375528564
1349,-0.13103500014835068
1350,-0.12593867708052905
1351,-0.12049716750486619
1352,-0.11473640965613253
1353,-0.10868135265781249
1354,-0.10235755834023083
1355,-0.095792407104396876
1356,-0.089015656838390897
1357,-0.082059233766997933
1358,-0.07495628136484643
1359,-0.067739647420342081
1360,-0.060440132358279317
1361,-0.053084917981735202
1362,-0.045696600751863548
1363,-0.038293141713175834
1364,-0.030888831149371607
1365,-0.023496107425305439
1366,-0.01612784417592816
1367,-0.0087995940076463029
1368,-0.0015312801920340485
1369,0.0056520491975116157
1370,0.012720584000079334
1371,0.019641168262081683
1372,0.026379476033739219
1373,0.032902478776312943
1374,0.039180657681951385
1375,0.045189453786573804
1376,0.050909607653597491
1377,0.056326292587641838
1378,0.061427239121691624
1379,0.066200315101406795
1380,0.070631194618938214
1381,0.074701768048650696
1382,0.078389799268361302
1383,0.081670056754724968
1384,0.084516805093247299
1385,0.086907230627366355
1386,0.088825161475342473
1387,0.090264364387875134
1388,0.09123076259227958
1389,0.091743106666458824
1390,0.091831923326909662
1391,0.09153692647913203
1392,0.090903429691281637
1393,0.089978547496494699
1394,0.088808018426147495
1395,0.08743429022152624
1396,0.085896135603571871
1397,0.084229644922906868
1398,0.082470105394067073
1399,0.080654106110603557
1400,0.078821213512879074
1401,0.077014707943353647
1402,0.075281110209067456
1403,0.073668509585002359
1404,0.072223978344036252
1405,0.070990562667471349
1406,0.070004423727200296
1407,0.069292646052828477
1408,0.068872058100288527
1409,0.068749181769803866
1410,0.068921211245199301
1411,0.069377767523357253
1412,0.070103103029645911
1413,0.0710784293404573
1414,0.072284079571778889
1415,0.073701265279504574
1416,0.075313234236664278
1417,0.07710569183599747
1418,0.079066436185988201
1419,0.081184282625929097
1420,0.083447496003289101
1421,0.085842064640749075
1422,0.088350196589880581
1423,0.0909493811425824
1424,0.093612252127167478
1425,0.096307343477318175
1426,0.09900066504549182
1427,0.10165786149587863
1428,0.10424656772597052
1429,0.10673847610155411
1430,0.10911063013822765
1431,0.11134558742057886
1432,0.11343033991553839
1433,0.11535418033945426
1434,0.11710596887510231
1435,0.11867140740053778
1436,0.1200309335413549
1437,0.12115871553184393
1438,0.12202299950213163
1439,0.1225877793003473
1440,0.12281547312207956
1441,0.12267005488261772
1442,0.12211995961897501
1443,0.12114010765770529
1444,0.11971258289477026
1445,0.11782581799886462
1446,0.11547250402473909
1447,0.11264675999765716
1448,0.10934129172647794
1449,0.10554529481717698
1450,0.10124370919092258
1451,0.096418141881087105
1452,0.091049403866858919
1453,0.085121239350192446
1454,0.078624547758439148
1455,0.071561272178105997
1456,0.063947176796107841
1457,0.055812947655783977
1458,0.047203387782997236
1459,0.038174881550502145
1460,0.028791691666982297
1461,0.019121922218000655
1462,0.0092340396052926522
1463,-0.00080534323411801461
1464,-0.010932088551018192
1465,-0.021083668643262464
1466,-0.031197291957387126
1467,-0.04120772080449106
1468,-0.05104553158031231
1469,-0.060636456621321867
1470,-0.069902193516017425
1471,-0.078762712471780252
1472,-0.08713971297892989
1473,-0.094960586563190771
1474,-0.10216212807235783
1475,-0.10869333288131844
1476,-0.11451686988887394
1477,-0.11960913159771704
1478,-0.12395903976205679
1479,-0.12756597262903654
1480,-0.13043726134489161
1481,-0.13258568813279425
1482,-0.13402733215441673
1483,-0.13477998450871814
1484,-0.1348622262389102
1485,-0.13429315617573948
1486,-0.13309267522954663
1487,-0.13128217491254784
1488,-0.1288854360398633
1489,-0.12592952239982144
1490,-0.12244546024062988
1491,-0.11846852761833138
1492,-0.11403803027033463
1493,-0.10919650642241775
1494,-0.10398838434520384
1495,-0.098458219348285275
1496,-0.092648754278003384
1497,-0.086599148481252206
1498,-0.080343757098429891
1499,-0.073911777168837151
1500,-0.067327907544153923
1501,-0.060613938589660153
1502,-0.053790963502390272
1503,-0.046881748202505028
1504,-0.039912745097297982
1505,-0.032915291719661968
1506,-0.0259256850767077
1507,-0.01898404538626644
1508,-0.012132147293340377
1509,-0.0054106529705178989
1510,0.0011436370130340021
1511,0.0074998573419865688
1512,0.013633949050828627
1513,0.019528082401889107
1514,0.025168743849664547
1515,0.030543934802355184
1516,0.035640155738631815
1517,0.040439916131891518
1518,0.044920411135978805
1519,0.049053764768105357
1520,0.052808902955190168
1521,0.056154752602089443
1522,0.059064143160891189
1523,0.061517594979282719
1524,0.063506172911866235
1525,0.065032778989745743
1526,0.066111614142837213
1527,0.066765969511390383
1528,0.067024903928903534
1529,0.066919623981657572
1530,0.066480438390999139
1531,0.065734993623060886
1532,0.064708156792264576
1533,0.063423488105944323
1534,0.061905850032848729
1535,0.060184428314720859
1536,0.058295344543848396
1537,0.056283132446241918
1538,0.054200608088126823
1539,0.052107037356219271
1540,0.050064910970931929
1541,0.048135971632627526
1542,0.046377297879397164
1543,0.044838184877911261
1544,0.043558307461438392
1545,0.042567308240950764
1546,0.041885640084413527
1547,0.041526282461622002
1548,0.041496861137998817
1549,0.041801710091380548
1550,0.042443497716134614
1551,0.043424177319479174
1552,0.044745192401710494
1553,0.046407033943145222
1554,0.048408366407864944
1555,0.050744983431758539
1556,0.053408828232293128
1557,0.056387250557581411
1558,0.05966260847040273
1559,0.063212278390758159
1560,0.067009106422802334
1561,0.071022301340179769
1562,0.075218720138145678
1563,0.079564428197760675
1564,0.084026340074479733
1565,0.088573687810544796
1566,0.093179049310178133
1567,0.097818719051294592
1568,0.10247231649067712
1569,0.10712167987178163
1570,0.11174924654892311
1571,0.11633623913974822
1572,0.12086103662656628
1573,0.12529810018957788
1574,0.12961774004943463
1575,0.13378685219914832
1576,0.13777053886943746
1577,0.14153429803703799
1578,0.14504629365905147
1579,0.14827916623764659
1580,0.15121094233433685
1581,0.15382482493867289
1582,0.15610792381303409
1583,0.1580492380045827
1584,0.15963737697060187
1585,0.16085857711959073
1586,0.16169552826251693
1587,0.16212736764600438
1588,0.16213094211536205
1589,0.16168312934816911
1590,0.1607637298512207
1591,0.15935828278848613
1592,0.15746017582808242
1593,0.15507160496665831
1594,0.15220323316178758
1595,0.14887271343737682
1596,0.14510250810351291
1597,0.14091759447196114
1598,0.13634366084117105
1599,0.13140625275037607
1600,0.12613105902355737
1601,0.1205452056174986
1602,0.11467914846214636
1603,0.10856859962079872
1604,0.10225591350424131
1605,0.095790489903428672
1606,0.08922798574051885
1607,0.082628421720935638
1608,0.076053554815232904
1609,0.069564073145397087
1610,0.063217182689430315
1611,0.057064989017986949
1612,0.051153808665396976
1613,0.045524288184726022
1614,0.04021204696252377
1615,0.035248508362640499
1616,0.030661614129347294
1617,0.026476200528659736
1618,0.022713940236806736
1619,0.019392906973975842
1620,0.01652695787859982
1621,0.014125191735596435
1622,0.012191695157541626
1623,0.010725657791958613
1624,0.0097217911644055487
1625,0.0091708917040648624
1626,0.0090603747142438615
1627,0.0093746586538688975
1628,0.010095365724268422
1629,0.011201394496190106
1630,0.012668987486304562
1631,0.014471938531244927
1632,0.016582047612988621
1633,0.018969841762845788
1634,0.021605472303064508
1635,0.024459614272775335
1636,0.027504164069959591
1637,0.030712561671785415
1638,0.034059641832039377
1639,0.0375210280630318
1640,0.041072206963657432
1641,0.044687531842403705
1642,0.048339462918847192
1643,0.051998317325110642
1644,0.055632666568781353
1645,0.059210321417117219
1646,0.062699659141220873
1647,0.066070946205167111
1648,0.069297319271217767
1649,0.07235518855428881
1650,0.075223976706710383
1651,0.077885267361760671
1652,0.080321588218070047
1653,0.08251517044300534
1654,0.08444707173214433
1655,0.086096986896201405
1656,0.087443891638098514
1657,0.088467419365573036
1658,0.089149643702212483
1659,0.089476813716388298
1660,0.089440603828099527
1661,0.089038580459592648
1662,0.088273802867624956
1663,0.087153708390903362
1664,0.085688628684108148
1665,0.083890393902668559
1666,0.08177146805014035
1667,0.079344912690540489
1668,0.076625234213512819
1669,0.073629903683296832
1670,0.070381126187789994
1671,0.06690733497542399
1672,0.06324391980154162
1673,0.059432867257629994
1674,0.055521264909478507
1675,0.051558935997130372
1676,0.047595728245071349
1677,0.043679080856618029
1678,0.039852395482798106
1679,0.036154482358145737
1680,0.032620043653820624
1681,0.029280893356292588
1682,0.02616745304528972
1683,0.023310018603357404
1684,0.020739360579599249
1685,0.018486395284587592
1686,0.016580922540395369
1687,0.015049708077871655
1688,0.013914400245345661
1689,0.013189830353531318
1690,0.012883132744269648
1691,0.012993885297764501
1692,0.013515202052773633
1693,0.01443548663477541
1694,0.015740424738206901
1695,0.017414771499901078
1696,0.019443570312879094
1697,0.021812601610694721
1698,0.024508063300963563
1699,0.027515675784277948
1700,0.030819534028601187
1701,0.034401068296062515
1702,0.038238423020106105
1703,0.042306440288945715
1704,0.046577271747590333
1705,0.051021478506425209
1706,0.055609355236406123
1707,0.060312169025978822
1708,0.065103050011843078
1709,0.069957388931299769
1710,0.074852738579306632
1711,0.079768330673225557
1712,0.084684378695369267
1713,0.089581344106329314
1714,0.094439318743088488
1715,0.099237636913304242
1716,0.10395477974378234
1717,0.10856857105156274
1718,0.11305659939206007
1719,0.11739675908883618
1720,0.12156780409481455
1721,0.12554984913120881
1722,0.12932480377001609
1723,0.1328767518875788
1724,0.13619227560221042
1725,0.13926068437706043
1726,0.14207408031874294
1727,0.14462719837894611
1728,0.14691701017146544
1729,0.14894215351193263
1730,0.15070231771651924
1731,0.15219775381147055
1732,0.15342907779813952
1733,0.15439749235627673
1734,0.15510547192926818
1735,0.155557847885609
1736,0.15576311301765042
1737,0.1557346661649765
1738,0.15549167121247123
1739,0.15505923824944459
1740,0.15446775913899199
1741,0.15375142718451679
1742,0.15294619057996892
1743,0.15208756104539395
1744,0.15120875900553044
1745,0.15033959892586454
1746,0.14950632749597459
1747,0.14873238464968494
1748,0.14803983141516849
1749,0.14745102999006682
1750,0.1469900968494264
1751,0.14668368929278228
1752,0.14656082902315715
1753,0.14665169545583229
1754,0.14698559035163566
1755,0.14758851059661615
1756,0.14848089042585746
1757,0.14967604327582051
1758,0.15117965756182569
1759,0.15299044009247792
1760,0.15510173431878491
1761,0.15750373351511485
1762,0.16018579832814778
1763,0.16313838564022304
1764,0.16635419608780422
1765,0.16982833132691944
1766,0.17355748323088951
1767,0.17753840417160899
1768,0.18176607402887793
1769,0.18623204218244346
1770,0.19092336666759807
1771,0.1958224163587646
1772,0.20090758918577373
1773,0.2061547842391612
1774,0.21153929873377325
1775,0.21703773823878325
1776,0.22262954455448766
1777,0.22829784955123444
1778,0.23402952389282253
1779,0.23981446582255175
1780,0.24564432925408372
1781,0.25151099572266045
1782,0.25740513657785202
1783,0.26331518397627462
1784,0.26922693392840513
1785,0.27512385757835855
1786,0.28098803179238468
1787,0.28680146268327422
1788,0.29254750496702087
1789,0.29821208899405022
1790,0.30378453809347278
1791,0.30925785753015972
1792,0.31462847492054269
1793,0.31989550038387887
1794,0.32505965443571938
1795,0.33012207851820002
1796,0.33508327809287364
1797,0.3399424276409127
1798,0.34469718443610808
1799,0.3493440372753373
1800,0.35387909946383755
1801,0.35829917585953897
1802,0.36260289932372541
1803,0.36679172995216419
1804,0.37087062853731528
1805,0.37484825546076506
1806,0.37873661825386995
1807,0.38255019687979896
1808,0.38630469455607913
1809,0.39001565596725074
1810,0.39369723018134378
1811,0.39736132117666434
1812,0.40101727831063816
1813,0.40467215938262735
1814,0.40833147773476974
1815,0.41200024470482743
1816,0.4156840571742948
1817,0.41938996878135548
1818,0.42312692631121612
1819,0.42690564343600373
1820,0.4307379061981188
1821,0.43463543454768333
1822,0.43860853299741875
1823,0.4426648219919076
1824,0.44680832964982109
1825,0.4510391404431463
1826,0.45535366634002017
1827,0.45974546557394308
1828,0.46420642131110873
1829,0.46872802846886663
1830,0.47330252644300924
1831,0.47792365414528215
1832,0.48258688462536603
1833,0.48728910920963187
1834,0.49202786629421535
1835,0.49680031870784497
1836,0.50160224535051356
1837,0.50642730855745999
1838,0.5112667894327193
1839,0.51610986905892342
1840,0.52094440370621753
1841,0.52575802714209696
1842,0.53053933768433037
1843,0.53527890772861708
1844,0.53996989363993964
1845,0.5446081156741811
1846,0.54919160082331731
1847,0.55371970850785679
1848,0.55819206058640536
1849,0.56260754816966319
1850,0.56696367292353944
1851,0.57125639947433948
1852,0.57548056569645145
1853,0.57963075236977946
1854,0.58370239267940005
1855,0.58769283807727302
1856,0.59160210561286586
1857,0.59543310884594181
1858,0.59919130061755665
1859,0.60288380285310073
1860,0.60651823293155138
1861,0.61010152399163697
1862,0.61363905044905354
1863,0.61713429957039256
1864,0.62058918984549505
1865,0.62400496518658255
1866,0.62738343900764937
1867,0.63072826512451607
1868,0.6340458955764231
1869,0.63734595131972538
1870,0.64064086684042731
1871,0.64394484752334757
1872,0.64727236001783783
1873,0.65063651320859794
1874,0.65404773677381545
1875,0.65751310315544542
1876,0.66103647880783234
1877,0.66461947582620251
1878,0.6682629648911439
1879,0.67196875881415974
1880,0.67574101802941655
1881,0.67958697846124183
1882,0.68351675056663186
1883,0.68754215715037059
1884,0.69167481809498754
1885,0.69592389213012118
1886,0.70029399346194265
1887,0.70478378137546271
1888,0.70938557417411463
1889,0.71408609822279123
1890,0.71886820521966543
1891,0.72371314422833166
1892,0.72860282473848148
1893,0.73352149810392886
1894,0.73845642430429037
1895,0.74339734144698721
1896,0.74833484661192762
1897,0.7532580528322842
1898,0.75815205210308179
1899,0.76299576110216183
1900,0.7677606504718768
1901,0.77241067078364578
1902,0.77690341665770457
1903,0.78119226901198935
1904,0.78522900297272369
1905,0.78896622520742898
1906,0.79235905175228183
1907,0.79536563668918359
1908,0.79794644266072812
1909,0.80006242151510765
1910,0.80167248512570977
1911,0.80273076509490793
1912,0.8031841812586844
1913,0.80297076529992806
1914,0.80201902382324275
1915,0.80024839615424714
1916,0.79757061260466044
1917,0.79389155613917917
1918,0.78911313848970122
1919,0.78313475346759009
1920,0.77585405098512628
1921,0.76716702955463933
1922,0.75696769919019735
1923,0.7451477550688731
1924,0.73159678401702455
1925,0.71620348774100029
1926,0.69885825803552892
1927,0.67945720593870129
1928,0.65790747051785414
1929,0.63413337214502663
1930,0.60808279956535638
1931,0.57973318950525943
1932,0.54909658792018645
1933,0.51622352065463339
1934,0.48120563736052707
1935,0.44417720697458379
1936,0.4053154734990298
1937,0.36483966250249833
1938,0.32300818831492711
1939,0.2801135155955623
1940,0.23647430493899352
1941,0.19242493757558679
1942,0.14830314482840695
1943,0.10443703811974167
1944,0.061133117434268178
1945,0.018666706850599808
1946,-0.022724242092853664
1947,-0.062841759030069055
1948,-0.10152736336530534
1949,-0.13865945387353135
1950,-0.17414972005771071
1951,-0.2079395380641445
1952,-0.23999690137624002
1953,-0.27031395750233589
1954,-0.29890484456978206
1955,-0.32580335289612328
1956,-0.35105999273878846
1957,-0.37473827005347177
1958,-0.39691025945561476
1959,-0.41765182231647907
1960,-0.43703797866628968
1961,-0.45513896935856424
1962,-0.47201744029268794
1963,-0.48772697627328526
1964,-0.50231196384655485
1965,-0.51580853168526897
1966,-0.52824615341042735
1967,-0.53964942829179474
1968,-0.55003958462525948
1969,-0.55943536641902947
1970,-0.56785314132455389
1971,-0.5753062694171559
1972,-0.58180395174195754
1973,-0.58734988911577057
1974,-0.59194109927489458
1975,-0.59556717001892068
1976,-0.59821010222713833
1977,-0.59984476343502047
1978,-0.60043986122143911
1979,-0.59995926573981695
1980,-0.59836345963376303
1981,-0.59561087220357922
1982,-0.59165887455416
1983,-0.5864642860731959
1984,-0.57998336587959254
1985,-0.57217140807949463
1986,-0.56298218877221795
1987,-0.55236760029314247
1988,-0.54027785015532759
1989,-0.5266626012749267
1990,-0.51147337406306936
1991,-0.49466739066407811
1992,-0.47621279678588785
1993,-0.45609486889894191
1994,-0.43432247839852473
1995,-0.41093384471922989
1996,-0.38600056403093586
1997,-0.35962910697997935
1998,-0.33195943335119676
1999,-0.30316098420013915
2000,-0.27342690064394848
2001,-0.24296765515823804
2002,-0.21200520822751262
2003,-0.18076834587541196
2004,-0.14948922173754642
2005,-0.11840058651231017
2006,-0.087732912720690476
2007,-0.057710656993991083
2008,-0.028547215119377741
2009,-0.00043865361758635424
2010,0.026443087443371364
2011,0.051956366239353804
2012,0.075994165995378227
2013,0.098485756948396577
2014,0.11939555102921449
2015,0.13871963574118379
2016,0.15648081452397702
2017,0.17272300629843448
2018,0.18750569447596485
2019,0.20089890548421765
2020,0.21297900510164414
2021,0.2238254335624989
2022,0.23351835725870013
2023,0.24213711393006901
2024,0.24975928654387256
2025,0.25646024846335108
2026,0.26231304427111524
2027,0.2673884767482948
2028,0.27175526006301576
2029,0.27548009623774122
2030,0.27862756062576322
2031,0.28125974641840074
2032,0.28343570122474882
2033,0.28521076579019972
2034,0.28663597546402397
2035,0.28775769642298871
2036,0.28861763486018799
2037,0.2892532801236532
2038,0.28969873665479368
2039,0.28998579393821294
2040,0.29014501476434934
2041,0.29020661598157899
2042,0.29020097397414524
2043,0.29015868582617543
2044,0.29011022233522898
2045,0.2900852930860508
2046,0.29011209349433109
2047,0.29021661651261632
2048,0.2904221878370899
2049,0.29074932385582514
2050,0.29121592345217479
2051,0.29183770832919614
2052,0.29262875230340107
2053,0.29360191411586228
2054,0.2947690154274682
2055,0.29614066532448874
2056,0.29772569358566597
2057,0.29953019602290543
2058,0.30155621560726531
2059,0.30380009566810734
2060,0.30625055862284267
2061,0.30888658977483402
2062,0.31167523956891369
2063,0.31456949754791758
2064,0.31750643250809368
2065,0.32040582190498906
2066,0.32316948829360337
2067,0.32568151183485972
2068,0.32780941613720715
2069,0.32940637272152568
2070,0.33031446467087494
2071,0.33036907130722909
2072,0.32940442200035858
2073,0.32726026524318819
2074,0.32378940562856828
2075,0.3188656250485617
2076,0.31239129817480094
2077,0.30430390707965371
2078,0.29458070999093799
2079,0.28324104311830722
2080,0.27034609043662511
2081,0.25599633959624762
2082,0.24032722461306993
2083,0.22350354738253617
2084,0.20571316166160386
2085,0.1871601746103671
2086,0.1680577123068695
2087,0.14862024690119685
2088,0.12905565265737318
2089,0.10955746705179863
2090,0.090298096228884003
2091,0.071423748300122034
2092,0.053051657347326399
2093,0.035269772051247719
2094,0.018138678443451687
2095,0.0016952190399035921
2096,-0.014042897503221293
2097,-0.029072232484521395
2098,-0.043399142856543838
2099,-0.057036150440063445
2100,-0.069999365309420108
2101,-0.082306935801940387
2102,-0.09397831684253799
2103,-0.10503405288613363
2104,-0.11549576218115697
2105,-0.12538606789090936
2106,-0.13472832402095269
2107,-0.14354610168580997
2108,-0.15186250384102434
2109,-0.15969943850881141
2110,-0.16707699001454787
2111,-0.17401299192688693
2112,-0.18052284523524295
2113,-0.18661956430715559
2114,-0.19231398770781508
2115,-0.19761506760943268
2116,-0.20253015032227825
2117,-0.20706517886025907
2118,-0.21122478150879806
2119,-0.21501224852978643
2120,-0.21842942824883321
2121,-0.22147658088294134
2122,-0.22415221045635569
2123,-0.22645286268411999
2124,-0.22837284919139603
2125,-0.22990385302260374
2126,-0.23103439253571467
2127,-0.23174916211921398
2128,-0.2320283117562511
2129,-0.23184675597744131
2130,-0.23117360500829442
2131,-0.22997178466534418
2132,-0.22819786376175327
2133,-0.22580205408470694
2134,-0.22272831022761647
2135,-0.21891445610110946
2136,-0.21429231313448241
2137,-0.20878789624000113
2138,-0.20232185515166506
2139,-0.19481043818601554
2140,-0.18616730651160804
2141,-0.1763064940272403
2142,-0.16514666403119974
2143,-0.1526165595140461
2144,-0.13866123088273052
2145,-0.12324836140663083
2146,-0.10637392195754392
2147,-0.088066537745036144
2148,-0.068390284290697045
2149,-0.047445987032504154
2150,-0.025371309795226966
2151,-0.002339903824764001
2152,0.021440312942675774
2153,0.045729965858522112
2154,0.070262600283275189
2155,0.094751202409799729
2156,0.11889725777674474
2157,0.14240221948075032
2158,0.16498051383438134
2159,0.18637253999265996
2160,0.20635585534656734
2161,0.22475304004186583
2162,0.24143548113205254
2163,0.25632319211378879
2164,0.26938146586450573
2165,0.28061547633592809
2166,0.29006390629858392
2167,0.29779241337661921
2168,0.30388741241778527
2169,0.30845037047134782
2170,0.31159264050886248
2171,0.31343080427473363
2172,0.31408252024003597
2173,0.31366293166098308
2174,0.31228173577141738
2175,0.31004101630368536
2176,0.30703389021410676
2177,0.30334393349745842
2178,0.29904526290927552
2179,0.29420309022385505
2180,0.28887454725150119
2181,0.28310959922572432
2182,0.27695190741182202
2183,0.27043955473058573
2184,0.26360560091520974
2185,0.25647847904994209
2186,0.24908227644673459
2187,0.24143695466047235
2188,0.23355855704333336
2189,0.22545943610805011
2190,0.21714851822554973
2191,0.20863161566056543
2192,0.19991179237047257
2193,0.19098978180319609
2194,0.18186443664182772
2195,0.17253316560131077
2196,0.16299229238104451
2197,0.15323726866242063
2198,0.1432626916033449
2199,0.13306211274331425
2200,0.12262767098429916
2201,0.11194962910586669
2202,0.10101593418993014
2203,0.089811949144434203
2204,0.078320504513315611
2205,0.066522387500660057
2206,0.054397317020949659
2207,0.041925359826047996
2208,0.029088643496431251
2209,0.015873141521284547
2210,0.0022702668115480336
2211,-0.011721968304664465
2212,-0.026098374502522885
2213,-0.040846581555058777
2214,-0.05594741185309756
2215,-0.071375278717991417
2216,-0.087098196442149223
2217,-0.10307706043936578
2218,-0.11926404778285542
2219,-0.13560025239653359
2220,-0.15201294647044886
2221,-0.16841309552857303
2222,-0.18469388945021969
2223,-0.20073101281860783
2224,-0.21638510629638613
2225,-0.23150638427810416
2226,-0.24594081198312043
2227,-0.25953682854465071
2228,-0.27215151394819825
2229,-0.28365536673077402
2230,-0.29393535177653835
2231,-0.3028963887117565
2232,-0.31046181683747298
2233,-0.31657351256379457
2234,-0.32119223781322215
2235,-0.32429849867146349
2236,-0.3258937835649961
2237,-0.32600167680240899
2238,-0.32466816419863076
2239,-0.32196054911568023
2240,-0.31796473969905842
2241,-0.31278110575714108
2242,-0.30651946609388436
2243,-0.29929393907954654
2244,-0.29121834494154059
2245,-0.28240263735964943
2246,-0.27295055404391361
2247,-0.26295840366753154
2248,-0.25251471663449321
2249,-0.24170040605797408
2250,-0.23058910258343887
2251,-0.2192474122288213
2252,-0.20773496752228721
2253,-0.19610426964441788
2254,-0.1844004249496638
2255,-0.17266093725190837
2256,-0.16091571376122954
2257,-0.14918738608505752
2258,-0.13749196701807556
2259,-0.12583979157167952
2260,-0.11423664544045069
2261,-0.10268496527613226
2262,-0.091184992459338324
2263,-0.07973576893625936
2264,-0.068335882319912139
2265,-0.056983902956636634
2266,-0.04567850670050904
2267,-0.034418332659114807
2268,-0.023201670019076914
2269,-0.012026091858836288
2270,-0.00088815504303675727
2271,0.010216732172962439
2272,0.021294205418826123
2273,0.032350577670943181
2274,0.043392239579198515
2275,0.054424908631287634
2276,0.065452849646985542
2277,0.076478204948813716
2278,0.087500557313462429
2279,0.09851680318283508
2280,0.10952134471051077
2281,0.12050652967614758
2282,0.13146319590897287
2283,0.14238113231453858
2284,0.15324926906930031
2285,0.16405546017487233
2286,0.17478581103559002
2287,0.18542360830713084
2288,0.19594800266074405
2289,0.20633265677467544
2290,0.21654458830892678
2291,0.2265434052486909
2292,0.23628105137971958
2293,0.24570206851375112
2294,0.25474427077124639
2295,0.26333965377043211
2296,0.2714153568981964
2297,0.27889456302871385
2298,0.28569733283153831
2299,0.29174149090532092
2300,0.29694376813075135
2301,0.30122142445297395
2302,0.3044945051040836
2303,0.30668872101597988
2304,0.3077387313303116
2305,0.30759142308680626
2306,0.30620871735509836
2307,0.30356952369879764
2308,0.29967068252682622
2309,0.29452698944437161
2310,0.28817059514802246
2311,0.28065016048896674
2312,0.27203009878487644
2313,0.26239006501275902
2314,0.25182459540877017
2315,0.24044254432311818
2316,0.22836581805165793
2317,0.21572695527928279
2318,0.2026653607577355
2319,0.18932237979805008
2320,0.17583576809080712
2321,0.16233433559419966
2322,0.1489335546346994
2323,0.13573272525524746
2324,0.12281395308408451
2325,0.11024282121813689
2326,0.098070332483235337
2327,0.086335530551917741
2328,0.075068192536463657
2329,0.06429109266837213
2330,0.054021519792861857
2331,0.044271946913966943
2332,0.035049961196560384
2333,0.026357729789470468
2334,0.01819136410267623
2335,0.010540532392831039
2336,0.0033885685407564182
2337,-0.0032868258703781222
2338,-0.0095123392616107954
2339,-0.015317435169268949
2340,-0.020732598943349088
2341,-0.025787700789152428
2342,-0.03051070818597288
2343,-0.034926918344412722
2344,-0.039058784213539671
2345,-0.042926292916348564
2346,-0.046547750880380066
2347,-0.049940762430434202
2348,-0.053123172662405613
2349,-0.05611377819627885
2350,-0.05893267604076418
2351,-0.06160120323984436
2352,-0.064141502093970126
2353,-0.066575813639932035
2354,-0.068925644018120805
2355,-0.071210957846817677
2356,-0.073449532236497431
2357,-0.075656565716071628
2358,-0.077844591585104289
2359,-0.080023702741273031
2360,-0.082202053693003818
2361,-0.084386560961244569
2362,-0.086583677980897458
2363,-0.088800088306028424
2364,-0.091043157544311498
2365,-0.093321015478666003
2366,-0.095642195071994049
2367,-0.098014818134533083
2368,-0.10044538062540349
2369,-0.10293725867332541
2370,-0.10548913355855138
2371,-0.10809360450009498
2372,-0.1107362827801977
2373,-0.11339559867275337
2374,-0.1160433973683738
2375,-0.11864619783495475
2376,-0.12116681719651488
2377,-0.12356598521995685
2378,-0.12580360303818502
2379,-0.12783941118969394
2380,-0.12963299134239586
2381,-0.13114321261215622
2382,-0.13232742409048701
2383,-0.13314084095984458
2384,-0.13353660166415016
2385,-0.13346683864524214
2386,-0.13288482543752031
2387,-0.13174793465494244
2388,-0.13002088772944428
2389,-0.1276786814803493
2390,-0.12470864984782135
2391,-0.1211113168004867
2392,-0.11689995337862669
2393,-0.11209900417630798
2394,-0.10674174081452574
2395,-0.1008675933304143
2396,-0.094519595046721902
2397,-0.08774227460162097
2398,-0.080580181263168627
2399,-0.073077075769577476
2400,-0.065275685752782614
2401,-0.057217829908412655
2402,-0.048944672393257865
2403,-0.04049688589692254
2404,-0.031914570640948631
2405,-0.023236872569373061
2406,-0.014501337152558125
2407,-0.0057431048754697997
2408,0.003005905665840559
2409,0.011717669663521528
2410,0.020368441911506972
2411,0.028938760914247179
2412,0.03741304728035235
2413,0.045778856453711131
2414,0.054025919017706925
2415,0.062145140652876574
2416,0.070127726574110413
2417,0.077964547562090133
2418,0.085645795556556908
2419,0.093160908700498674
2420,0.10049869591749905
2421,0.10764756771824675
2422,0.11459578255322704
2423,0.12133163990529887
2424,0.12784358197039394
2425,0.13412019400884262
2426,0.14015011079856002
2427,0.14592184039257941
2428,0.15142351059347742
2429,0.15664253656111449
2430,0.16156520784622863
2431,0.16617620399578761
2432,0.17045806931968616
2433,0.17439070596247341
2434,0.17795097368821478
2435,0.18111250375373275
2436,0.18384582729136242
2437,0.18611887145498485
2438,0.18789778786885997
2439,0.18914796940377332
2440,0.18983502589266585
2441,0.18992547231745546
2442,0.18938695509250097
2443,0.18818798500784045
2444,0.18629731231180982
2445,0.18368322239786092
2446,0.18031312017034193
2447,0.17615379225708661
2448,0.17117267141298689
2449,0.16534025530982407
2450,0.15863355316508965
2451,0.15104010532561649
2452,0.14256185862711271
2453,0.13321810780791526
2454,0.12304688615436653
2455,0.11210455403106913
2456,0.10046376262027712
2457,0.088210330860962957
2458,0.075439783071617736
2459,0.062254313716836616
2460,0.048760758768082384
2461,0.035069781383328086
2462,0.021296016110799308
2463,0.0075585223130364846
2464,-0.0060192662344993233
2465,-0.01931077730911291
2466,-0.032189040218745579
2467,-0.044530793471354677
2468,-0.056221415564597817
2469,-0.067159869165290154
2470,-0.07726278795706798
2471,-0.08646700363233123
2472,-0.094730168281390359
2473,-0.10202955762470618
2474,-0.10835949499857957
2475,-0.11372801619931436
2476,-0.11815339620562346
2477,-0.12166104189742827
2478,-0.12428108602401394
2479,-0.12604683093853192
2480,-0.12699400079286616
2481,-0.12716059414066488
2482,-0.12658702839397712
2483,-0.12531626545775007
2484,-0.12339369541509146
2485,-0.12086668487970727
2486,-0.11778381469687596
2487,-0.1141939088047475
2488,-0.11014499215893951
2489,-0.10568332231818779
2490,-0.10085262332195312
2491,-0.09569361251990316
2492,-0.090243855268240317
2493,-0.084537922741342073
2494,-0.078607782554439704
2495,-0.072483331206016147
2496,-0.066192979192737353
2497,-0.059764213707357371
2498,-0.053224081552554189
